2017.08.21,7170,3.74%
2017.08.18,7660,3.84%
2017.08.17,7850,3.77%
2017.08.16,7330,4.28%
2017.08.14,7050,3.79%
2017.08.11,7290,3.67%
2017.08.10,6640,4.15%
2017.08.09,6000,4.07%
2017.08.08,6480,4.61%
2017.08.07,6360,4.03%
2017.08.04,6270,4.03%
2017.08.03,6040,3.96%
2017.08.02,5400,4.13%
2017.08.01,5220,4.16%
2017.07.31,5160,4.98%
2017.07.28,5120,5.00%
2017.07.27,5200,5.23%
2017.07.26,5120,5.82%
2017.07.25,5040,5.70%
2017.07.24,5110,5.62%
2017.07.21,5110,5.51%
2017.07.20,5260,5.22%
2017.07.19,5360,5.44%
2017.07.18,5300,5.29%
2017.07.17,5530,5.41%
2017.07.14,5420,5.44%
2017.07.13,5600,6.31%
2017.07.12,5390,6.23%
2017.07.11,5490,7.34%
2017.07.10,5590,6.50%
2017.07.07,5700,6.89%
2017.07.06,5700,6.88%
2017.07.05,5600,7.51%
2017.07.04,4800,7.20%
2017.07.03,4970,6.99%
2017.06.30,5100,6.98%
2017.06.29,5140,6.96%
2017.06.28,5050,6.85%
2017.06.27,5160,6.80%
2017.06.26,5170,7.01%
2017.06.23,5070,7.15%
2017.06.22,5030,7.13%
2017.06.21,4895,7.04%
2017.06.20,5000,6.95%
2017.06.19,5160,7.07%
2017.06.16,5100,6.92%
2017.06.15,5070,6.91%
2017.06.14,4930,6.32%
2017.06.13,4875,6.08%
2017.06.12,4770,5.85%
2017.06.09,4920,5.82%
2017.06.08,5040,6.00%
2017.06.07,4910,6.03%
2017.06.05,4900,6.01%
2017.06.02,4975,6.12%
2017.06.01,4930,6.17%
2017.05.31,4895,6.03%
2017.05.30,4920,5.92%
2017.05.29,5030,5.70%
2017.05.26,5080,5.72%
2017.05.25,5080,5.48%
2017.05.24,5180,5.25%
2017.05.23,5240,5.47%
2017.05.22,5250,5.32%
2017.05.19,5100,5.93%
2017.05.18,5020,5.52%
2017.05.17,5090,5.19%
2017.05.16,5280,5.11%
2017.05.15,5460,5.22%
2017.05.12,5540,5.46%
2017.05.11,5840,5.32%
2017.05.10,5320,5.73%
2017.05.08,5380,5.98%
2017.05.04,4790,5.43%
2017.05.02,4725,5.41%
2017.04.28,4660,5.42%
2017.04.27,4705,5.40%
2017.04.26,4785,5.40%
2017.04.25,4840,5.38%
2017.04.24,4830,5.35%
2017.04.21,4790,5.29%
2017.04.20,4780,5.30%
2017.04.19,4855,5.27%
2017.04.18,4920,5.32%
2017.04.17,5030,5.28%
2017.04.14,4960,5.29%
2017.04.13,4985,5.51%
2017.04.12,4640,5.78%
2017.04.11,4840,5.88%
2017.04.10,4900,5.82%
2017.04.07,4645,6.27%
2017.04.06,4615,6.26%
2017.04.05,4545,6.25%
2017.04.04,4560,6.33%
2017.04.03,4555,6.37%
2017.03.31,4460,6.36%
2017.03.30,4530,6.36%
2017.03.29,4450,6.36%
2017.03.28,4570,6.36%
2017.03.27,4595,6.38%
2017.03.24,4610,6.41%
2017.03.23,4500,6.42%
2017.03.22,4580,6.44%
2017.03.21,4580,6.44%
2017.03.20,4565,6.42%
2017.03.17,4600,6.41%
2017.03.16,4610,6.43%
2017.03.15,4570,6.35%
2017.03.14,4540,6.23%
2017.03.13,4500,6.22%
2017.03.10,4375,6.16%
2017.03.09,4375,6.03%
2017.03.08,4370,6.05%
2017.03.07,4390,6.10%
2017.03.06,4400,6.13%
2017.03.03,4480,6.14%
2017.03.02,4590,6.17%
2017.02.28,4520,6.15%
2017.02.27,4500,5.95%
2017.02.24,4465,5.98%
2017.02.23,4445,5.98%
2017.02.22,4460,6.00%
2017.02.21,4440,6.02%
2017.02.20,4470,6.05%
2017.02.17,4485,6.09%
2017.02.16,4500,6.10%
2017.02.15,4490,6.10%
2017.02.14,4500,6.10%
2017.02.13,4580,6.13%
2017.02.10,4605,6.13%
2017.02.09,4590,6.09%
2017.02.08,4510,6.01%
2017.02.07,4535,5.98%
2017.02.06,4540,5.99%
2017.02.03,4495,5.99%
2017.02.02,4460,5.88%
2017.02.01,4520,5.92%
2017.01.31,4485,5.93%
2017.01.26,4430,5.96%
2017.01.25,4350,5.97%
2017.01.24,4335,5.97%
2017.01.23,4490,5.98%
2017.01.20,4540,6.00%
2017.01.19,4600,6.04%
2017.01.18,4580,6.07%
2017.01.17,4575,6.09%
2017.01.16,4520,6.08%
2017.01.13,4530,6.08%
2017.01.12,4530,6.10%
2017.01.11,4615,6.13%
2017.01.10,4600,6.12%
2017.01.09,4530,6.10%
2017.01.06,4515,6.07%
2017.01.05,4555,6.09%
2017.01.04,4575,6.12%
2017.01.03,4495,6.13%
2017.01.02,4405,6.11%
2016.12.29,4385,6.08%
2016.12.28,4405,6.06%
2016.12.27,4430,6.08%
2016.12.26,4420,6.08%
2016.12.23,4380,6.06%
2016.12.22,4430,6.09%
2016.12.21,4465,6.09%
2016.12.20,4420,6.10%
2016.12.19,4415,6.10%
2016.12.16,4455,6.10%
2016.12.15,4455,6.15%
2016.12.14,4235,6.25%
2016.12.13,4215,6.27%
2016.12.12,4225,6.27%
2016.12.09,4210,6.24%
2016.12.08,4115,6.24%
2016.12.07,4030,6.18%
2016.12.06,4045,6.20%
2016.12.05,3990,6.13%
2016.12.02,4025,6.16%
2016.12.01,4150,6.16%
2016.11.30,4215,6.16%
2016.11.29,4210,6.17%
2016.11.28,4145,6.12%
2016.11.25,4195,6.07%
2016.11.24,4255,6.00%
2016.11.23,4400,5.95%
2016.11.22,4515,5.94%
2016.11.21,4525,5.98%
2016.11.18,4520,5.98%
2016.11.17,4505,5.97%
2016.11.16,4600,5.95%
2016.11.15,4600,5.82%
2016.11.14,4745,5.86%
2016.11.11,4770,5.87%
2016.11.10,4895,5.83%
2016.11.09,4700,5.91%
2016.11.08,5290,6.02%
2016.11.07,5200,6.04%
2016.11.04,5060,5.98%
2016.11.03,5120,5.99%
2016.11.02,5030,5.97%
2016.11.01,5200,6.03%
2016.10.31,5120,5.91%
2016.10.28,5580,6.03%
2016.10.27,5550,6.11%
2016.10.26,5580,6.18%
2016.10.25,5940,6.52%
2016.10.24,5740,6.61%
2016.10.21,5730,6.74%
2016.10.20,5810,6.78%
2016.10.19,5580,6.78%
2016.10.18,5590,6.81%
2016.10.17,5550,6.74%
2016.10.14,5650,6.75%
2016.10.13,5650,6.72%
2016.10.12,5710,6.72%
2016.10.11,5630,6.90%
2016.10.10,5610,6.80%
2016.10.07,5500,6.69%
2016.10.06,5560,6.59%
2016.10.05,5450,6.50%
2016.10.04,5500,6.52%
2016.09.30,5400,6.43%
2016.09.29,5460,6.45%
2016.09.28,5470,6.43%
2016.09.27,5340,6.50%
2016.09.26,5240,6.50%
2016.09.23,5230,6.54%
2016.09.22,5150,6.52%
2016.09.21,5080,6.52%
2016.09.20,5090,6.52%
2016.09.19,5000,6.50%
2016.09.13,4880,6.51%
2016.09.12,4875,6.52%
2016.09.09,4925,6.53%
2016.09.08,4930,6.52%
2016.09.07,5010,6.54%
2016.09.06,5100,6.57%
2016.09.05,5070,6.54%
2016.09.02,5010,6.54%
2016.09.01,4950,6.53%
2016.08.31,4910,6.50%
2016.08.30,4985,6.51%
2016.08.29,4980,6.49%
2016.08.26,5110,6.56%
2016.08.25,5100,6.58%
2016.08.24,5110,6.57%
2016.08.23,5140,6.58%
2016.08.22,5290,6.64%
2016.08.19,5230,6.66%
2016.08.18,5180,6.67%
2016.08.17,5230,6.55%
2016.08.16,5390,6.54%
2016.08.12,5460,6.55%
2016.08.11,5480,6.68%
2016.08.10,5450,6.73%
2016.08.09,5380,6.75%
2016.08.08,5370,6.68%
2016.08.05,5500,6.63%
2016.08.04,5530,6.62%
2016.08.03,5530,6.55%
2016.08.02,5600,6.64%
2016.08.01,5470,6.63%
2016.07.29,5400,6.55%
2016.07.28,5380,6.58%
2016.07.27,5300,6.45%
2016.07.26,5340,6.46%
2016.07.25,5310,6.36%
2016.07.22,5360,6.24%
2016.07.21,5460,6.03%
2016.07.20,5420,6.40%
2016.07.19,5490,6.45%
2016.07.18,5360,6.38%
2016.07.15,5390,6.34%
2016.07.14,5380,6.40%
2016.07.13,5370,6.55%
2016.07.12,5160,6.48%
2016.07.11,5230,6.46%
2016.07.08,5320,6.42%
2016.07.07,5200,6.50%
2016.07.06,5050,6.39%
2016.07.05,5100,6.46%
2016.07.04,5100,6.44%
2016.07.01,5060,6.50%
2016.06.30,5020,6.52%
2016.06.29,4935,6.48%
2016.06.28,4880,6.58%
2016.06.27,4700,6.53%
2016.06.24,4595,6.44%
2016.06.23,5070,6.33%
2016.06.22,5290,6.44%
2016.06.21,5100,6.49%
2016.06.20,5160,6.51%
2016.06.17,4990,6.41%
2016.06.16,5210,6.37%
2016.06.15,5460,6.40%
2016.06.14,5400,6.48%
2016.06.13,5530,6.31%
2016.06.10,5930,6.62%
2016.06.09,5830,6.86%
2016.06.08,5520,6.53%
2016.06.07,5790,6.40%
2016.06.03,5720,6.29%
2016.06.02,5670,6.37%
2016.06.01,5640,6.30%
2016.05.31,5420,6.35%
2016.05.30,5300,6.25%
2016.05.27,5460,6.20%
2016.05.26,5480,6.09%
2016.05.25,5490,5.96%
2016.05.24,5330,6.03%
2016.05.23,5270,5.99%
2016.05.20,5330,5.95%
2016.05.19,5260,5.88%
2016.05.18,5220,5.84%
2016.05.17,5510,5.70%
2016.05.16,5810,5.71%
2016.05.13,5660,5.69%
2016.05.12,5650,5.66%
2016.05.11,5660,5.76%
2016.05.10,5530,6.11%
2016.05.09,5430,6.04%
2016.05.04,5460,6.39%
2016.05.03,5430,6.47%
2016.05.02,5140,6.08%
2016.04.29,5440,5.73%
2016.04.28,5550,5.59%
2016.04.27,5540,5.61%
2016.04.26,5740,5.38%
2016.04.25,5770,5.69%
2016.04.22,5830,5.80%
2016.04.21,5180,6.14%
2016.04.20,5020,5.90%
2016.04.19,4900,5.78%
2016.04.18,4900,5.51%
2016.04.15,4895,5.35%
2016.04.14,5280,5.53%
2016.04.12,5260,5.34%
2016.04.11,5200,5.42%
2016.04.08,5060,5.41%
2016.04.07,4820,6.06%
2016.04.06,4905,6.27%
2016.04.05,4940,6.41%
2016.04.04,5040,6.42%
2016.04.01,4280,6.45%
2016.03.31,4400,6.54%
2016.03.30,4260,6.58%
2016.03.29,4225,6.58%
2016.03.28,4220,6.69%
2016.03.25,4200,6.72%
2016.03.24,4310,6.82%
2016.03.23,4390,6.87%
2016.03.22,4170,6.79%
2016.03.21,4290,6.77%
2016.03.18,4350,6.80%
2016.03.17,4300,6.78%
2016.03.16,4290,6.76%
2016.03.15,4400,6.82%
2016.03.14,4430,6.88%
2016.03.11,4350,6.96%
2016.03.10,4280,6.90%
2016.03.09,4290,6.94%
2016.03.08,4245,6.87%
2016.03.07,4235,6.82%
2016.03.04,4250,6.83%
2016.03.03,4305,6.85%
2016.03.02,4300,6.90%
2016.02.29,4250,6.85%
2016.02.26,4165,6.74%
2016.02.25,4095,6.75%
2016.02.24,4070,6.76%
2016.02.23,4020,6.66%
2016.02.22,4135,6.74%
2016.02.19,4135,6.80%
2016.02.18,3990,6.75%
2016.02.17,3850,6.62%
2016.02.16,3895,6.51%
2016.02.15,3800,6.50%
2016.02.12,3685,6.38%
2016.02.11,3845,6.20%
2016.02.05,4350,6.14%
2016.02.04,4425,6.12%
2016.02.03,4350,6.07%
2016.02.02,4570,6.20%
2016.02.01,4575,6.30%
2016.01.29,4560,6.42%
2016.01.28,4490,6.36%
2016.01.27,4440,6.25%
2016.01.26,4550,6.07%
2016.01.25,4790,6.11%
2016.01.22,4560,5.85%
2016.01.21,4700,5.71%
2016.01.20,4830,5.10%
2016.01.19,5140,4.91%
2016.01.18,5200,4.90%
2016.01.15,5230,4.84%
2016.01.14,5230,4.88%
2016.01.13,5460,4.98%
2016.01.12,5350,5.02%
2016.01.11,5390,4.63%
2016.01.08,5740,4.81%
2016.01.07,5640,4.63%
2016.01.06,5600,4.34%
2016.01.05,5830,4.12%
2016.01.04,5980,4.11%
2015.12.30,5800,4.26%
2015.12.29,5590,4.52%
2015.12.28,5560,4.79%
2015.12.24,5500,4.72%
2015.12.23,5590,4.70%
2015.12.22,6040,4.12%
2015.12.21,6300,4.30%
2015.12.18,5940,4.46%
2015.12.17,5530,4.14%
2015.12.16,5320,4.07%
2015.12.15,5450,4.21%
2015.12.14,4840,4.66%
2015.12.11,4880,4.74%
2015.12.10,4660,4.67%
2015.12.09,4910,4.49%
2015.12.08,4900,5.10%
2015.12.07,4740,5.03%
2015.12.04,4725,5.02%
2015.12.03,4710,5.14%
2015.12.02,4485,5.04%
2015.12.01,4500,4.99%
2015.11.30,4450,4.97%
2015.11.27,4450,5.00%
2015.11.26,4460,5.13%
2015.11.25,4375,5.09%
2015.11.24,4460,5.13%
2015.11.23,4470,5.15%
2015.11.20,4320,5.16%
2015.11.19,4325,5.13%
2015.11.18,4180,4.99%
2015.11.17,4220,5.04%
2015.11.16,4045,5.15%
2015.11.13,4405,5.31%
2015.11.12,4770,5.40%
2015.11.11,4170,5.72%
2015.11.10,4150,5.65%
2015.11.09,4145,5.51%
2015.11.06,4400,5.32%
2015.11.05,4620,5.36%
2015.11.04,4660,5.39%
2015.11.03,4485,5.43%
2015.11.02,4550,5.68%
2015.10.30,4520,5.40%
2015.10.29,4730,5.22%
2015.10.28,4695,5.28%
2015.10.27,4850,5.43%
2015.10.26,5160,5.43%
2015.10.23,4975,5.85%
2015.10.22,5200,5.65%
2015.10.21,4170,5.61%
2015.10.20,4085,5.62%
2015.10.19,4055,5.59%
2015.10.16,4050,5.56%
2015.10.15,4040,5.51%
2015.10.14,4030,5.49%
2015.10.13,4155,5.43%
2015.10.12,4160,5.43%
2015.10.08,4180,5.47%
2015.10.07,4005,5.44%
2015.10.06,4025,5.37%
2015.10.05,4070,5.13%
2015.10.02,4310,5.04%
2015.10.01,4355,4.97%
2015.09.30,4200,4.96%
2015.09.25,4045,4.88%
2015.09.24,3890,4.94%
2015.09.23,3990,1.44%
2015.09.22,3990,1.51%
2015.09.21,3575,1.42%
2015.09.18,3575,1.40%
2015.09.17,3535,1.31%
2015.09.16,3525,1.30%
2015.09.15,3480,1.21%
2015.09.14,3500,1.17%
2015.09.11,3570,1.16%
2015.09.10,3600,1.13%
2015.09.09,3550,1.07%
2015.09.08,3490,0.98%
2015.09.07,3565,0.97%
2015.09.04,3460,0.90%
2015.09.03,3530,0.89%
2015.09.02,3510,0.93%
2015.09.01,3500,0.88%
2015.08.31,3520,0.86%
2015.08.28,3500,0.84%
2015.08.27,3440,0.80%
2015.08.26,3415,0.76%
2015.08.25,3405,0.73%
2015.08.24,3270,0.73%
2015.08.21,3170,0.88%
2015.08.20,3525,0.92%
2015.08.19,3500,0.94%
2015.08.18,3565,1.03%
2015.08.17,3725,1.05%
2015.08.13,3555,1.02%
2015.08.12,3510,1.00%
2015.08.11,3515,0.98%
2015.08.10,3515,0.95%
2015.08.07,3470,0.97%
2015.08.06,3425,0.93%
2015.08.05,3395,0.85%
2015.08.04,3390,0.79%
2015.08.03,3355,0.77%
2015.07.31,3470,0.84%
2015.07.30,3520,0.90%
2015.07.29,3405,0.92%
2015.07.28,3335,0.95%
2015.07.27,3360,1.00%
2015.07.24,3400,1.02%
2015.07.23,3390,0.97%
2015.07.22,3400,0.98%
2015.07.21,3475,0.98%
2015.07.20,3415,0.94%
2015.07.17,3400,0.91%
2015.07.16,3415,0.95%
2015.07.15,3385,1.03%
2015.07.14,3325,1.01%
2015.07.13,3340,0.97%
2015.07.10,3245,0.93%
2015.07.09,3225,0.83%
2015.07.08,3170,0.91%
2015.07.07,3200,0.87%
2015.07.06,3230,0.71%
2015.07.03,3340,0.73%
2015.07.02,3390,0.74%
2015.07.01,3445,0.71%
2015.06.30,3380,0.52%
2015.06.29,3420,0.52%
2015.06.26,3530,0.61%
2015.06.25,3590,0.65%
2015.06.24,3650,0.70%
2015.06.23,3575,0.61%
2015.06.22,3485,0.54%
2015.06.19,3485,0.53%
2015.06.18,3465,0.52%
2015.06.17,3505,0.54%
2015.06.16,3350,0.35%
2015.06.15,3595,0.31%
2015.06.12,3740,0.31%
2015.06.11,3750,0.37%
2015.06.10,3700,0.38%
2015.06.09,3750,0.44%
2015.06.08,3750,0.44%
2015.06.05,3735,0.58%
2015.06.04,3800,0.62%
2015.06.03,4065,0.76%
2015.06.02,4350,0.90%
2015.06.01,4035,1.09%
2015.05.29,3975,1.25%
2015.05.28,3795,1.28%
2015.05.27,3920,1.17%
2015.05.26,4110,1.28%
2015.05.22,4165,1.53%
2015.05.21,4105,1.50%
2015.05.20,4090,1.73%
2015.05.19,4140,1.90%
2015.05.18,4235,1.70%
2015.05.15,4495,1.94%
2015.05.14,4730,2.00%
2015.05.13,4710,2.09%
2015.05.12,4500,1.99%
2015.05.11,4500,1.95%
2015.05.08,4375,1.83%
2015.05.07,4175,1.60%
2015.05.06,4215,1.57%
2015.05.04,4375,1.67%
2015.04.30,4360,1.65%
2015.04.29,4435,1.96%
2015.04.28,4360,1.88%
2015.04.27,4460,1.97%
2015.04.24,4220,1.68%
2015.04.23,4110,1.62%
2015.04.22,4150,1.71%
2015.04.21,4345,1.84%
2015.04.20,4245,1.62%
2015.04.17,4320,1.66%
2015.04.16,4395,1.59%
2015.04.15,4355,1.62%
2015.04.14,4400,1.54%
2015.04.13,4470,1.75%
2015.04.10,4460,1.66%
2015.04.09,4460,1.64%
2015.04.08,4320,1.49%
2015.04.07,4230,1.35%
2015.04.06,4200,1.36%
2015.04.03,4130,1.22%
2015.04.02,4095,1.08%
2015.04.01,4130,1.06%
2015.03.31,4245,1.08%
2015.03.30,4230,1.08%
2015.03.27,4130,1.04%
2015.03.26,4145,1.05%
2015.03.25,4200,1.04%
2015.03.24,4290,1.11%
2015.03.23,4270,1.09%
2015.03.20,4225,1.07%
2015.03.19,4180,1.04%
2015.03.18,4200,1.05%
2015.03.17,4295,1.12%
2015.03.16,4275,1.12%
2015.03.13,4415,1.16%
2015.03.12,4355,1.10%
2015.03.11,4325,1.16%
2015.03.10,4075,0.94%
2015.03.09,4350,0.94%
2015.03.06,4400,0.97%
2015.03.05,4400,0.98%
2015.03.04,4405,0.91%
2015.03.03,4435,0.97%
2015.03.02,4250,0.80%
2015.02.27,4310,0.80%
2015.02.26,4240,0.71%
2015.02.25,4300,0.64%
2015.02.24,4370,0.62%
2015.02.23,4465,0.55%
2015.02.17,4325,0.74%
2015.02.16,4390,0.68%
2015.02.13,4585,0.88%
2015.02.12,4600,0.94%
2015.02.11,4045,0.94%
2015.02.10,4050,0.99%
2015.02.09,4025,1.00%
2015.02.06,4145,1.03%
2015.02.05,4165,1.11%
2015.02.04,4040,1.12%
2015.02.03,4000,1.09%
2015.02.02,3900,1.04%
2015.01.30,3850,1.00%
2015.01.29,3910,1.01%
2015.01.28,3950,1.05%
2015.01.27,3895,1.02%
2015.01.26,3750,1.05%
2015.01.23,3690,1.07%
2015.01.22,3740,1.08%
2015.01.21,3790,1.08%
2015.01.20,3800,1.09%
2015.01.19,3770,1.08%
2015.01.16,3755,1.05%
2015.01.15,3850,1.07%
2015.01.14,3895,1.07%
2015.01.13,3895,1.07%
2015.01.12,3910,1.10%
2015.01.09,3945,1.08%
2015.01.08,3915,1.01%
2015.01.07,3740,0.94%
2015.01.06,3855,1.01%
2015.01.05,3725,0.93%
2015.01.02,3720,0.93%
2014.12.30,3680,0.86%
2014.12.29,3535,1.03%
2014.12.26,3505,1.05%
2014.12.24,3465,1.01%
2014.12.23,3405,1.01%
2014.12.22,3360,1.01%
2014.12.19,3370,1.00%
2014.12.18,3330,1.00%
2014.12.17,3375,1.05%
2014.12.16,3350,1.07%
2014.12.15,3345,1.08%
2014.12.12,3440,1.08%
2014.12.11,3465,1.09%
2014.12.10,3585,1.10%
2014.12.09,3605,1.12%
2014.12.08,3600,1.15%
2014.12.05,3595,1.17%
2014.12.04,3590,1.18%
2014.12.03,3590,1.27%
2014.12.02,3515,1.30%
2014.12.01,3640,1.33%
2014.11.28,3790,1.52%
2014.11.27,3470,1.72%
2014.11.26,3355,1.71%
2014.11.25,3265,1.71%
2014.11.24,3280,1.70%
2014.11.21,3205,1.67%
2014.11.20,3245,1.66%
2014.11.19,3265,1.72%
2014.11.18,3250,1.73%
2014.11.17,3220,1.74%
2014.11.14,3340,1.72%
2014.11.13,3405,1.69%
2014.11.12,3425,1.66%
2014.11.11,3300,1.62%
2014.11.10,3300,1.65%
2014.11.07,3045,1.60%
2014.11.06,2880,1.45%
2014.11.05,3000,1.32%
2014.11.04,3130,1.31%
2014.11.03,3280,1.38%
2014.10.31,3415,1.51%
2014.10.30,3300,1.53%
2014.10.29,3265,1.45%
2014.10.28,3300,1.39%
2014.10.27,3380,1.36%
2014.10.24,3390,1.35%
2014.10.23,3480,1.41%
2014.10.22,3330,1.36%
2014.10.21,3425,1.35%
2014.10.20,3445,1.33%
2014.10.17,3570,1.40%
2014.10.16,3260,1.32%
2014.10.15,3380,1.25%
2014.10.14,3380,1.22%
2014.10.13,3400,1.11%
2014.10.10,3670,1.13%
2014.10.08,3655,0.99%
2014.10.07,3630,0.95%
2014.10.06,3665,0.83%
2014.10.02,3760,0.82%
2014.10.01,3745,0.75%
2014.09.30,3925,0.72%
2014.09.29,3990,0.69%
2014.09.26,4100,0.73%
2014.09.25,4140,0.66%
2014.09.24,4230,0.70%
2014.09.23,4250,0.72%
2014.09.22,4355,0.79%
2014.09.19,4300,0.79%
2014.09.18,4230,0.76%
2014.09.17,4200,0.75%
2014.09.16,4125,0.68%
2014.09.15,4110,0.64%
2014.09.12,4140,0.64%
2014.09.11,4200,0.68%
2014.09.05,4200,0.71%
2014.09.04,4090,0.65%
2014.09.03,4165,0.66%
2014.09.02,4360,0.54%
2014.09.01,4695,0.56%
2014.08.29,5110,0.72%
2014.08.28,5090,0.70%
2014.08.27,5140,0.65%
2014.08.26,5270,0.63%
2014.08.25,5320,0.59%
2014.08.22,5500,0.66%
2014.08.21,5420,0.64%
2014.08.20,5490,0.62%
2014.08.19,5470,0.62%
2014.08.18,5090,0.60%
2014.08.14,5080,0.61%
2014.08.13,5080,0.54%
2014.08.12,5230,0.53%
2014.08.11,5130,0.58%
2014.08.08,5250,0.56%
2014.08.07,5400,0.62%
2014.08.06,5050,0.65%
2014.08.05,5060,0.63%
2014.08.04,5250,0.67%
2014.08.01,5120,0.62%
2014.07.31,5110,0.55%
2014.07.30,5250,0.59%
2014.07.29,5250,0.65%
2014.07.28,5490,0.67%
2014.07.25,5640,0.72%
2014.07.24,5790,0.72%
2014.07.23,6010,0.81%
2014.07.22,6050,0.84%
2014.07.21,5980,0.77%
2014.07.18,6000,0.84%
2014.07.17,6050,0.85%
2014.07.16,6000,0.81%
2014.07.15,6090,0.76%
2014.07.14,6220,0.89%
2014.07.11,5880,0.75%
2014.07.10,6070,0.75%
2014.07.09,6040,0.71%
2014.07.08,6130,0.70%
2014.07.07,6270,0.67%
2014.07.04,6130,0.68%
2014.07.03,6080,0.69%
2014.07.02,6060,0.86%
2014.07.01,5780,0.85%
2014.06.30,5800,0.82%
2014.06.27,5700,0.82%
2014.06.26,5590,0.78%
2014.06.25,5420,0.72%
2014.06.24,5650,0.69%
2014.06.23,5800,0.72%
2014.06.20,5900,0.76%
2014.06.19,5900,0.76%
2014.06.18,6030,0.75%
2014.06.17,6190,0.73%
2014.06.16,5790,0.77%
2014.06.13,5770,0.95%
2014.06.12,5770,1.02%
2014.06.11,5540,0.95%
2014.06.10,5550,1.05%
2014.06.09,5310,0.77%
2014.06.05,5590,0.75%
2014.06.03,5760,0.71%
2014.06.02,5930,0.53%
2014.05.30,6290,0.46%
2014.05.29,6750,0.48%
2014.05.28,6860,0.53%
2014.05.27,6650,0.39%
2014.05.26,6840,0.45%
2014.05.23,6990,0.45%
2014.05.22,6820,0.42%
2014.05.21,6600,0.40%
2014.05.20,6610,0.37%
2014.05.19,6950,0.39%
2014.05.16,7080,0.45%
2014.05.15,7260,0.55%
2014.05.14,7010,0.47%
2014.05.13,7100,0.47%
2014.05.12,7090,0.40%
2014.05.09,7230,0.41%
2014.05.08,7250,0.39%
2014.05.07,7510,0.32%
2014.05.02,7860,0.24%
2014.04.30,8010,0.18%
2014.04.29,8100,0.31%
2014.04.28,8130,0.45%
2014.04.25,7900,0.42%
2014.04.24,8100,0.38%
2014.04.23,8250,0.28%
2014.04.22,7250,0.32%
2014.04.21,7080,0.25%
2014.04.18,7300,0.36%
2014.04.17,7300,0.30%
2014.04.16,7290,0.42%
2014.04.15,7010,0.43%
2014.04.14,7120,0.46%
2014.04.11,7070,0.41%
2014.04.10,7150,0.41%
2014.04.09,7240,0.37%
2014.04.08,7220,0.38%
2014.04.07,7280,0.36%
2014.04.04,7540,0.45%
2014.04.03,7530,0.36%
2014.04.02,7610,0.52%
2014.04.01,7480,0.32%
2014.03.31,7500,0.35%
2014.03.28,7500,0.34%
2014.03.27,7550,0.50%
2014.03.26,7360,0.40%
2014.03.25,7100,0.28%
2014.03.24,7310,0.19%
2014.03.21,7820,0.12%
2014.03.20,7870,0.18%
2014.03.19,7870,0.15%
2014.03.18,8250,0.19%
2014.03.17,8030,0.12%
2014.03.14,8460,0.07%
2014.03.13,8870,0.09%
2014.03.12,8790,0.21%
2014.03.11,8710,0.23%
2014.03.10,9100,0.23%
2014.03.07,8760,0.39%
2014.03.06,8090,0.43%
2014.03.05,8130,0.56%
2014.03.04,8670,0.52%
2014.03.03,8280,0.51%
2014.02.28,7320,0.45%
2014.02.27,7310,0.42%
2014.02.26,7480,0.56%
2014.02.25,7310,0.58%
2014.02.24,7300,0.58%
2014.02.21,7410,0.58%
2014.02.20,7480,0.60%
2014.02.19,7200,0.63%
2014.02.18,7040,0.61%
2014.02.17,7170,0.62%
2014.02.14,7290,0.64%
2014.02.13,7190,0.64%
2014.02.12,7310,0.66%
2014.02.11,7500,0.68%
2014.02.10,7250,0.71%
2014.02.07,7140,0.74%
2014.02.06,6900,0.72%
2014.02.05,6990,0.74%
2014.02.04,6970,0.70%
2014.02.03,7200,0.70%
2014.01.29,7400,0.73%
2014.01.28,7250,0.76%
2014.01.27,7050,0.71%
2014.01.24,7300,0.72%
2014.01.23,7560,0.70%
2014.01.22,7820,0.70%
2014.01.21,7850,0.71%
2014.01.20,7850,0.72%
2014.01.17,7950,0.73%
2014.01.16,7970,0.73%
2014.01.15,8160,0.75%
2014.01.14,7990,0.82%
2014.01.13,8070,0.86%
2014.01.10,7530,0.85%
2014.01.09,7700,0.84%
2014.01.08,7850,0.84%
2014.01.07,8080,0.87%
2014.01.06,8160,0.89%
2014.01.03,8260,0.90%
2014.01.02,8240,0.91%
2013.12.30,8700,0.92%
2013.12.27,8550,0.99%
2013.12.26,8000,0.99%
2013.12.24,7920,0.99%
2013.12.23,7950,0.99%
2013.12.20,7940,0.98%
2013.12.19,7840,0.96%
2013.12.18,8000,0.97%
2013.12.17,7900,0.98%
2013.12.16,8050,0.95%
2013.12.13,8450,0.94%
2013.12.12,8450,0.93%
2013.12.11,8610,0.96%
2013.12.10,8700,0.98%
2013.12.09,8520,1.02%
2013.12.06,8590,1.02%
2013.12.05,8660,1.02%
2013.12.04,8900,1.05%
2013.12.03,8630,1.19%
2013.12.02,8630,1.19%
2013.11.29,8900,1.52%
2013.11.28,8930,1.53%
2013.11.27,9160,1.50%
2013.11.26,9510,1.57%
2013.11.25,9510,1.57%
2013.11.22,9510,1.63%
2013.11.21,8840,1.63%
2013.11.20,8890,1.58%
2013.11.19,9060,1.61%
2013.11.18,9550,1.46%
2013.11.15,9920,1.49%
2013.11.14,9740,1.51%
2013.11.13,9600,1.39%
2013.11.12,9940,1.17%
2013.11.11,10250,1.07%
2013.11.08,10650,1.16%
2013.11.07,11100,1.21%
2013.11.06,10500,1.15%
2013.11.05,11250,1.00%
2013.11.04,10900,0.98%
2013.11.01,11100,1.10%
2013.10.31,11000,1.01%
2013.10.30,11500,0.97%
2013.10.29,11650,0.97%
2013.10.28,11750,0.83%
2013.10.25,12150,0.81%
2013.10.24,11650,0.75%
2013.10.23,11400,0.75%
2013.10.22,11350,0.74%
2013.10.21,11250,0.86%
2013.10.18,10650,0.82%
2013.10.17,9300,0.68%
2013.10.16,9260,0.67%
2013.10.15,9300,0.28%
2013.10.14,9480,0.28%
2013.10.11,9580,0.47%
2013.10.10,9350,0.55%
2013.10.08,9480,0.48%
2013.10.07,9350,0.44%
2013.10.04,9650,0.35%
2013.10.02,10000,0.24%
2013.10.01,10200,0.39%
2013.09.30,10400,0.37%
2013.09.27,10750,0.45%
2013.09.26,10850,0.20%
2013.09.25,10700,0.39%
2013.09.24,9780,0.34%
2013.09.23,9780,0.29%
2013.09.17,9340,0.30%
2013.09.16,9530,0.28%
2013.09.13,9510,0.50%
2013.09.12,9140,0.53%
2013.09.11,9150,0.41%
2013.09.10,9080,0.51%
2013.09.09,9210,0.42%
2013.09.06,9540,0.52%
2013.09.05,9050,0.53%
2013.09.04,9170,0.49%
2013.09.03,9270,0.38%
2013.09.02,9320,0.42%
2013.08.30,9100,0.24%
2013.08.29,9710,0.27%
2013.08.28,9810,0.33%
2013.08.27,9800,0.25%
2013.08.26,10350,0.58%
2013.08.23,9650,0.60%
2013.08.22,8600,0.47%
2013.08.21,8900,0.48%
2013.08.20,9000,0.29%
2013.08.19,9560,0.00%
2013.08.16,9740,0.15%
2013.08.14,9710,0.02%
2013.08.13,9700,0.07%
2013.08.12,9970,0.00%
2013.08.09,10050,0.03%
2013.08.08,8770,0.05%
2013.08.07,8840,0.05%
2013.08.06,9050,0.15%
2013.08.05,8400,0.12%
2013.08.02,8650,0.10%
2013.08.01,8200,0.01%
2013.07.31,8310,0.08%
2013.07.30,7780,0.07%
2013.07.29,7680,0.10%
2013.07.26,6680,0.10%
2013.07.25,5810,0.13%
2013.07.24,5500,0.11%
2013.07.23,5450,0.11%
2013.07.22,5510,0.14%
2013.07.19,5510,0.14%
2013.07.18,5510,0.14%
2013.07.17,5490,0.14%
2013.07.16,5490,0.14%
2013.07.15,5470,0.15%
2013.07.12,5380,0.16%
2013.07.11,5430,0.16%
2013.07.10,5030,0.16%
2013.07.09,5000,0.16%
2013.07.08,5110,0.17%
2013.07.05,5000,0.17%
2013.07.04,5000,0.16%
2013.07.03,5140,0.17%
2013.07.02,5100,0.17%
2013.07.01,5310,0.20%
2013.06.28,5470,0.20%
2013.06.27,5300,0.20%
2013.06.26,4965,0.21%
2013.06.25,5000,0.21%
2013.06.24,5250,0.22%
2013.06.21,5200,0.23%
2013.06.20,5080,0.23%
2013.06.19,5080,0.23%
2013.06.18,5070,0.23%
2013.06.17,4995,0.23%
2013.06.14,5280,0.20%
2013.06.13,5400,0.20%
2013.06.12,5400,0.20%
2013.06.11,5360,0.23%
2013.06.10,5360,0.22%
2013.06.07,5330,0.20%
2013.06.05,5660,0.22%
2013.06.04,5840,0.23%
2013.06.03,5840,0.26%
2013.05.31,5800,0.25%
2013.05.30,5900,0.27%
2013.05.29,5700,0.23%
2013.05.28,5650,0.22%
2013.05.27,5390,0.23%
2013.05.24,5420,0.23%
2013.05.23,5400,0.20%
2013.05.22,5490,0.21%
2013.05.21,5480,0.21%
2013.05.20,5550,0.21%
2013.05.16,5490,0.21%
2013.05.15,5400,0.18%
2013.05.14,5480,0.16%
2013.05.13,5580,0.18%
2013.05.10,5590,0.19%
2013.05.09,5600,0.21%
2013.05.08,5640,0.19%
2013.05.07,5670,0.15%
2013.05.06,5670,0.15%
2013.05.03,5380,0.12%
2013.05.02,5520,0.08%
2013.04.30,5460,0.07%
2013.04.29,5400,0.08%
2013.04.26,5400,0.02%
2013.04.25,5320,0.01%
2013.04.24,5020,0.04%
2013.04.23,4935,0.02%
2013.04.22,5000,0.03%
2013.04.19,5000,0.02%
2013.04.18,5000,0.00%
2013.04.17,5010,0.00%
2013.04.16,4360,0.02%
2013.04.15,4295,0.00%
2013.04.12,3925,0.01%
2013.04.11,3900,0.04%
2013.04.10,3915,0.03%
2013.04.09,3815,0.03%
2013.04.08,3865,0.01%
2013.04.05,3895,0.02%
2013.04.04,4120,0.03%
2013.04.03,4300,0.03%
2013.04.02,4290,0.03%
2013.04.01,4255,0.03%
2013.03.29,4155,0.01%
2013.03.28,4170,0.01%
2013.03.27,4010,0.02%
2013.03.26,4000,0.02%
2013.03.25,3990,0.02%
2013.03.22,3925,0.01%
2013.03.21,3970,0.01%
2013.03.20,3970,0.01%
2013.03.19,3960,0.01%
2013.03.18,3860,0.01%
2013.03.15,3950,0.01%
2013.03.14,3950,0.02%
2013.03.13,4040,0.02%
2013.03.12,4060,0.02%
2013.03.11,4110,0.01%
2013.03.08,4140,0.00%
2013.03.07,4050,0.00%
2013.03.06,4070,0.00%
2013.03.05,4035,0.00%
2013.03.04,3995,0.00%
2013.02.28,4420,0.02%
2013.02.27,4380,0.02%
2013.02.26,4375,0.02%
2013.02.25,4370,0.02%
2013.02.22,4395,0.02%
2013.02.21,4390,0.02%
2013.02.20,4380,0.02%
2013.02.19,4360,0.02%
2013.02.18,4360,0.02%
2013.02.15,4345,0.02%
2013.02.14,4330,0.02%
2013.02.13,4215,0.02%
2013.02.12,4240,0.02%
2013.02.08,4060,0.01%
2013.02.07,4045,0.01%
2013.02.06,4000,0.01%
2013.02.05,4010,0.01%
2013.02.04,4045,0.01%
2013.02.01,4050,0.01%
2013.01.31,4010,0.01%
2013.01.30,3990,0.01%
2013.01.29,3935,0.01%
2013.01.28,3930,0.01%
2013.01.25,3980,0.00%
2013.01.24,4060,0.00%
2013.01.23,4070,0.00%
2013.01.22,4060,0.00%
2013.01.21,4060,0.01%
2013.01.18,4075,0.01%
2013.01.17,4075,0.00%
2013.01.16,4100,0.00%
2013.01.15,4195,0.02%
2013.01.14,4170,0.00%
2013.01.11,4180,0.00%
2013.01.10,4170,0.00%
2013.01.09,4125,0.00%
2013.01.08,3960,0.00%
2013.01.07,3890,0.00%
2013.01.04,3790,0.00%
2013.01.03,3780,0.00%
2013.01.02,3785,0.00%
2012.12.28,3775,0.00%
2012.12.27,3855,0.00%
2012.12.26,3855,0.00%
2012.12.24,3845,0.00%
2012.12.21,3845,0.00%
2012.12.20,3855,0.00%
2012.12.18,3755,0.00%
2012.12.17,3765,0.00%
2012.12.14,3790,0.00%
2012.12.13,3780,0.00%
2012.12.12,3720,0.00%
2012.12.11,3670,0.00%
2012.12.10,3710,0.00%
2012.12.07,3670,0.00%
2012.12.06,3705,0.00%
2012.12.05,3700,0.00%
2012.12.04,3740,0.00%
2012.12.03,3770,0.00%
2012.11.30,3770,0.00%
2012.11.29,3810,0.00%
2012.11.28,3770,0.00%
2012.11.27,3765,0.00%
2012.11.26,3890,0.00%
2012.11.23,3915,0.00%
2012.11.22,3970,0.00%
2012.11.21,3830,0.00%
2012.11.20,3835,0.00%
2012.11.19,3790,0.00%
2012.11.16,3720,0.00%
2012.11.15,3720,0.00%
2012.11.14,3780,0.00%
2012.11.13,3750,0.00%
2012.11.12,3895,0.00%
2012.11.09,3970,0.00%
2012.11.08,3960,0.00%
2012.11.07,4000,0.00%
2012.11.06,3900,0.00%
2012.11.05,4020,0.00%
2012.11.02,4000,0.00%
2012.11.01,3985,0.00%
2012.10.31,3890,0.00%
2012.10.30,3770,0.00%
2012.10.29,3845,0.00%
2012.10.26,3900,0.00%
2012.10.25,4070,0.00%
2012.10.24,4050,0.01%
2012.10.23,4210,0.01%
2012.10.22,4340,0.02%
2012.10.19,4150,0.02%
2012.10.18,4150,0.02%
2012.10.17,4470,0.02%
2012.10.16,4250,0.01%
2012.10.15,4245,0.01%
2012.10.12,4150,0.02%
2012.10.11,3810,0.03%
2012.10.10,3810,0.02%
2012.10.09,3940,0.03%
2012.10.08,3940,0.03%
2012.10.05,3850,0.03%
2012.10.04,3690,0.03%
2012.10.02,3625,0.03%
2012.09.28,3610,0.03%
2012.09.27,3600,0.02%
2012.09.26,3600,0.02%
2012.09.25,3620,0.02%
2012.09.24,3750,0.00%
2012.09.21,3750,0.00%
2012.09.20,3710,0.00%
2012.09.19,3740,0.00%
2012.09.18,3745,0.00%
2012.09.17,3725,0.00%
2012.09.14,3650,0.00%
2012.09.13,3570,0.00%
2012.09.12,3510,0.00%
2012.09.11,3475,0.00%
2012.09.10,3500,0.00%
2012.09.07,3570,0.00%
2012.09.06,3490,0.00%
2012.09.05,3465,0.00%
2012.09.04,3535,0.00%
2012.09.03,3560,0.00%
2012.08.31,3560,0.00%
2012.08.30,3565,0.00%
2012.08.29,3565,0.00%
2012.08.28,3520,0.01%
2012.08.27,3515,0.01%
2012.08.24,3500,0.01%
2012.08.23,3510,0.00%
2012.08.22,3515,0.00%
2012.08.21,3550,0.00%
2012.08.20,3555,0.00%
2012.08.17,3615,0.00%
2012.08.16,3565,0.00%
2012.08.14,3540,0.00%
2012.08.13,3615,0.00%
2012.08.10,3625,0.00%
2012.08.09,3690,0.00%
2012.08.08,3570,0.00%
2012.08.07,3515,0.00%
2012.08.06,3480,0.00%
2012.08.03,3470,0.00%
2012.08.02,3480,0.00%
2012.08.01,3455,0.00%
2012.07.31,3400,0.00%
2012.07.30,3395,0.00%
2012.07.27,3315,0.00%
2012.07.26,3255,0.00%
2012.07.25,3200,0.00%
2012.07.24,3250,0.00%
2012.07.23,3350,0.00%
2012.07.20,3500,0.00%
2012.07.19,3530,0.00%
2012.07.18,3525,0.00%
2012.07.17,3555,0.00%
2012.07.16,3545,0.00%
2012.07.13,3600,0.01%
2012.07.12,3620,0.02%
2012.07.11,3615,0.03%
2012.07.10,3620,0.03%
2012.07.09,3635,0.04%
2012.07.06,3670,0.05%
2012.07.05,3605,0.06%
2012.07.04,3570,0.07%
2012.07.03,3570,0.08%
2012.07.02,3555,0.09%
2012.06.29,3600,0.10%
2012.06.28,3550,0.10%
2012.06.27,3600,0.11%
2012.06.26,3595,0.12%
2012.06.25,3620,0.13%
2012.06.22,3660,0.13%
2012.06.21,3730,0.14%
2012.06.20,3620,0.15%
2012.06.19,3590,0.17%
2012.06.18,3650,0.18%
2012.06.15,3670,0.20%
2012.06.14,3600,0.22%
2012.06.13,3610,0.24%
2012.06.12,3765,0.27%
2012.06.11,3775,0.29%
2012.06.08,3785,0.31%
2012.06.07,3800,0.32%
2012.06.05,3800,0.31%
2012.06.04,3845,0.32%
2012.06.01,3925,0.33%
2012.05.31,3860,0.32%
2012.05.30,3800,0.34%
2012.05.29,3775,0.33%
2012.05.25,3730,0.33%
2012.05.24,3640,0.31%
2012.05.23,3580,0.30%
2012.05.22,3650,0.30%
2012.05.21,3640,0.28%
2012.05.18,3645,0.28%
2012.05.17,3765,0.29%
2012.05.16,3725,0.28%
2012.05.15,3860,0.27%
2012.05.14,3915,0.28%
2012.05.11,3945,0.28%
2012.05.10,3945,0.29%
2012.05.09,3915,0.29%
2012.05.08,3925,0.29%
2012.05.07,3925,0.28%
2012.05.04,3980,0.30%
2012.05.03,3975,0.29%
2012.05.02,3995,0.28%
2012.04.30,4010,0.28%
2012.04.27,4030,0.29%
2012.04.26,4030,0.28%
2012.04.25,4080,0.29%
2012.04.24,4040,0.32%
2012.04.23,3920,0.28%
2012.04.20,4190,0.30%
2012.04.19,4240,0.33%
2012.04.18,4190,0.34%
2012.04.17,4150,0.32%
2012.04.16,4150,0.33%
2012.04.13,4170,0.28%
2012.04.12,4080,0.27%
2012.04.10,4000,0.21%
2012.04.09,4080,0.18%
2012.04.06,4230,0.18%
2012.04.05,4180,0.09%
2012.04.04,4265,0.02%
2012.04.03,4375,0.08%
2012.04.02,4450,0.08%
2012.03.30,4490,0.03%
2012.03.29,4400,0.02%
2012.03.28,4490,0.04%
2012.03.27,4450,0.05%
2012.03.26,4555,0.06%
2012.03.23,4915,0.02%
2012.03.22,5100,0.01%
2012.03.21,5450,0.04%
2012.03.20,5340,0.04%
2012.03.19,5100,0.00%
2012.03.16,5020,0.00%
2012.03.15,5200,0.00%
2012.03.14,5280,0.04%
2012.03.13,5190,0.04%
2012.03.12,4990,0.03%
2012.03.09,4340,0.03%
2012.03.08,4200,0.03%
2012.03.07,4235,0.03%
2012.03.06,4270,0.03%
2012.03.05,4175,0.03%
2012.03.02,4265,0.03%
2012.02.29,4325,0.03%
2012.02.28,4395,0.03%
2012.02.27,4035,0.03%
2012.02.24,4205,0.03%
2012.02.23,3660,0.05%
2012.02.22,3745,0.05%
2012.02.21,3660,0.05%
2012.02.20,3690,0.05%
2012.02.17,3775,0.05%
2012.02.16,3760,0.05%
2012.02.15,3830,0.05%
2012.02.14,3830,0.05%
2012.02.13,3730,0.05%
2012.02.10,3770,0.05%
2012.02.09,3700,0.05%
2012.02.08,3700,0.05%
2012.02.07,3870,0.04%
2012.02.06,3905,0.03%
2012.02.03,3975,0.05%
2012.02.02,3960,0.05%
2012.02.01,3935,0.05%
2012.01.31,3890,0.04%
2012.01.30,3920,0.04%
2012.01.27,3985,0.04%
2012.01.26,3990,0.05%
2012.01.25,3990,0.04%
2012.01.20,4040,0.05%
2012.01.19,4000,0.05%
2012.01.18,3970,0.04%
2012.01.17,3920,0.04%
2012.01.16,3915,0.03%
2012.01.13,4000,0.04%
2012.01.12,3795,0.03%
2012.01.11,3750,0.05%
2012.01.10,3645,0.03%
2012.01.09,3570,0.04%
2012.01.06,3560,0.04%
2012.01.05,3525,0.04%
2012.01.04,3485,0.04%
2012.01.03,3470,0.04%
2012.01.02,3440,0.04%
2011.12.29,3470,0.04%
2011.12.28,3400,0.04%
2011.12.27,3380,0.04%
2011.12.26,3420,0.05%
2011.12.23,3380,0.05%
2011.12.22,3325,0.05%
2011.12.21,3325,0.05%
2011.12.20,3240,0.03%
2011.12.19,3230,0.03%
2011.12.16,3320,0.03%
2011.12.15,3320,0.03%
2011.12.14,3320,0.05%
2011.12.13,3350,0.05%
2011.12.12,3390,0.05%
2011.12.09,3325,0.04%
2011.12.08,3205,0.05%
2011.12.07,3180,0.05%
2011.12.06,3155,0.05%
2011.12.05,3195,0.05%
2011.12.02,3180,0.05%
2011.12.01,3150,0.05%
2011.11.30,3115,0.05%
2011.11.29,3120,0.05%
2011.11.28,3085,0.05%
2011.11.25,3130,0.05%
2011.11.24,3080,0.05%
2011.11.23,3060,0.05%
2011.11.22,3190,0.04%
2011.11.21,3170,0.04%
2011.11.18,3155,0.04%
2011.11.17,3135,0.05%
2011.11.16,3080,0.05%
2011.11.15,3240,0.04%
2011.11.14,3195,0.04%
2011.11.11,3080,0.05%
2011.11.10,3240,0.05%
2011.11.09,3445,0.05%
2011.11.08,3375,0.05%
2011.11.07,3310,0.04%
2011.11.04,3285,0.04%
2011.11.03,3160,0.05%
2011.11.02,3140,0.05%
2011.11.01,3235,0.05%
2011.10.31,3235,0.04%
2011.10.28,3250,0.05%
2011.10.27,3340,0.04%
2011.10.26,3250,0.04%
2011.10.25,3200,0.03%
2011.10.24,3160,0.05%
2011.10.21,3150,0.05%
2011.10.20,3150,0.05%
2011.10.19,3155,0.05%
2011.10.18,3340,0.05%
2011.10.17,3290,0.05%
2011.10.14,2900,0.03%
2011.10.13,2795,0.04%
2011.10.12,2820,0.04%
2011.10.11,2715,0.04%
2011.10.10,2615,0.04%
2011.10.07,2610,0.04%
2011.10.06,2570,0.05%
2011.10.05,2515,0.05%
2011.10.04,2530,0.06%
2011.09.30,2600,0.07%
2011.09.29,2615,0.09%
2011.09.28,2580,0.11%
2011.09.27,2575,0.14%
2011.09.26,2565,0.14%
2011.09.23,2790,0.15%
2011.09.22,2915,0.18%
2011.09.21,2910,0.18%
2011.09.20,2870,0.19%
2011.09.19,2910,0.20%
2011.09.16,2910,0.22%
2011.09.15,2845,0.22%
2011.09.14,2815,0.24%
2011.09.09,2920,0.25%
2011.09.08,2910,0.25%
2011.09.07,2940,0.25%
2011.09.06,2865,0.23%
2011.09.05,2955,0.22%
2011.09.02,3090,0.22%
2011.09.01,3080,0.23%
2011.08.31,3150,0.24%
2011.08.30,3165,0.24%
2011.08.29,3065,0.23%
2011.08.26,2980,0.22%
2011.08.25,2930,0.22%
2011.08.24,2905,0.21%
2011.08.23,2950,0.20%
2011.08.22,2835,0.19%
2011.08.19,2850,0.14%
2011.08.18,3330,0.18%
2011.08.17,3405,0.18%
2011.08.16,3460,0.18%
2011.08.12,3225,0.16%
2011.08.11,3220,0.14%
2011.08.10,3100,0.13%
2011.08.09,3040,0.11%
2011.08.08,3170,0.10%
2011.08.05,3560,0.09%
2011.08.04,3730,0.12%
2011.08.03,3735,0.12%
2011.08.02,3725,0.12%
2011.08.01,3765,0.12%
2011.07.29,3855,0.12%
2011.07.28,3880,0.11%
2011.07.27,4000,0.10%
2011.07.26,4020,0.10%
2011.07.25,4010,0.10%
2011.07.22,4070,0.10%
2011.07.21,4040,0.11%
2011.07.20,4015,0.11%
2011.07.19,4110,0.10%
2011.07.18,4140,0.09%
2011.07.15,4180,0.09%
2011.07.14,4110,0.09%
2011.07.13,4105,0.09%
2011.07.12,4065,0.08%
2011.07.11,4070,0.12%
2011.07.08,4150,0.14%
2011.07.07,4100,0.12%
2011.07.06,4100,0.09%
2011.07.05,4200,0.11%
2011.07.04,4175,0.10%
2011.07.01,4180,0.09%
2011.06.30,4280,0.10%
2011.06.29,4200,0.06%
2011.06.28,4310,0.06%
2011.06.27,4400,0.03%
2011.06.24,4455,0.06%
2011.06.23,4270,0.09%
2011.06.22,4170,0.05%
2011.06.21,4170,0.03%
2011.06.20,4210,0.04%
2011.06.17,4145,0.05%
2011.06.16,4175,0.05%
2011.06.15,4075,0.03%
2011.06.14,4130,0.04%
2011.06.13,3800,0.05%
2011.06.10,3925,0.05%
2011.06.09,3960,0.05%
2011.06.08,3945,0.05%
2011.06.07,3815,0.03%
2011.06.03,3875,0.03%
2011.06.02,3955,0.04%
2011.06.01,3955,0.05%
2011.05.31,3905,0.03%
2011.05.30,3600,0.05%
2011.05.27,3735,0.05%
2011.05.26,3570,0.04%
2011.05.25,3355,0.06%
2011.05.24,3420,0.04%
2011.05.23,3295,0.08%
2011.05.20,3250,0.07%
2011.05.19,3375,0.06%
2011.05.18,3480,0.04%
2011.05.17,3480,0.04%
2011.05.16,3600,0.04%
2011.05.13,3600,0.04%
2011.05.12,3590,0.07%
2011.05.11,3705,0.05%
2011.05.09,3885,0.05%
2011.05.06,4020,0.05%
2011.05.04,4100,0.06%
2011.05.03,4040,0.05%
2011.05.02,4000,0.05%
2011.04.29,3865,0.10%
2011.04.28,3910,0.08%
2011.04.27,3810,0.07%
2011.04.26,3890,0.08%
2011.04.25,3875,0.06%
2011.04.22,3755,0.05%
2011.04.21,3800,0.05%
2011.04.20,3875,0.04%
2011.04.19,3975,0.03%
2011.04.18,4070,0.13%
2011.04.15,3875,0.08%
2011.04.14,3870,0.10%
2011.04.13,3795,0.06%
2011.04.12,3710,0.05%
2011.04.11,3815,0.05%
2011.04.08,3890,0.05%
2011.04.07,3850,0.09%
2011.04.06,3800,0.05%
2011.04.05,3860,0.05%
2011.04.04,3885,0.04%
2011.04.01,3900,0.04%
2011.03.31,3815,0.06%
2011.03.30,3920,0.05%
2011.03.29,4020,0.03%
2011.03.28,3835,0.04%
2011.03.25,3835,0.05%
2011.03.24,3900,0.05%
2011.03.23,3755,0.07%
2011.03.22,3690,0.05%
2011.03.21,3800,0.05%
2011.03.18,3840,0.05%
2011.03.17,3855,0.05%
2011.03.16,3945,0.04%
2011.03.15,3885,0.07%
2011.03.14,3970,0.05%
2011.03.11,4005,0.05%
2011.03.10,4000,0.05%
2011.03.09,4105,0.05%
2011.03.08,4040,0.04%
2011.03.07,4155,0.05%
2011.03.04,4200,0.10%
2011.03.03,4035,0.11%
2011.03.02,3810,0.08%
2011.02.28,3860,0.08%
2011.02.25,3980,0.09%
2011.02.24,3965,0.10%
2011.02.23,3990,0.10%
2011.02.22,4030,0.09%
2011.02.21,4115,0.09%
2011.02.18,4130,0.10%
2011.02.17,3955,0.07%
2011.02.16,4150,0.05%
2011.02.15,4195,0.05%
2011.02.14,4220,0.06%
2011.02.11,4275,0.08%
2011.02.10,4405,0.05%
2011.02.09,4375,0.06%
2011.02.08,4435,0.06%
2011.02.07,4175,0.07%
2011.02.01,4125,0.10%
2011.01.31,3925,0.14%
2011.01.28,3940,0.12%
2011.01.27,3980,0.09%
2011.01.26,3990,0.04%
2011.01.25,4070,0.03%
2011.01.24,4095,0.05%
2011.01.21,4150,0.07%
2011.01.20,4150,0.07%
2011.01.19,4120,0.06%
2011.01.18,4100,0.04%
2011.01.17,4215,0.04%
2011.01.14,4210,0.07%
2011.01.13,4240,0.07%
2011.01.12,4050,0.07%
2011.01.11,4005,0.04%
2011.01.10,4160,0.04%
2011.01.07,4005,0.04%
2011.01.06,3850,0.04%
2011.01.05,3795,0.05%
2011.01.04,3420,0.06%
2011.01.03,3320,0.07%
2010.12.30,3100,0.08%
2010.12.29,3080,0.05%
2010.12.28,3100,0.03%
2010.12.27,3130,0.03%
2010.12.24,3230,0.02%
2010.12.23,3220,0.04%
2010.12.22,3260,0.08%
2010.12.21,3115,0.07%
2010.12.20,3100,0.03%
2010.12.17,3245,0.08%
2010.12.16,3190,0.08%
2010.12.15,3180,0.09%
2010.12.14,3300,0.10%
2010.12.13,3380,0.05%
2010.12.10,3490,0.07%
2010.12.09,3450,0.10%
2010.12.08,3350,0.13%
2010.12.07,3100,0.22%
2010.12.06,2925,0.26%
2010.12.03,2845,0.23%
2010.12.02,2895,0.21%
2010.12.01,2930,0.21%
2010.11.30,2795,0.24%
2010.11.29,2715,0.18%
2010.11.26,2795,0.11%
2010.11.25,2915,0.07%
2010.11.24,2945,0.06%
2010.11.23,3050,0.07%
2010.11.22,3075,0.03%
2010.11.19,3165,0.02%
2010.11.18,3105,0.03%
2010.11.17,3200,0.00%
2010.11.16,3450,0.01%
2010.11.15,3230,0.01%
2010.11.12,3130,0.04%
2010.11.11,3165,0.04%
2010.11.10,3140,0.04%
2010.11.09,3095,0.03%
2010.11.08,3115,0.03%
2010.11.05,3080,0.02%
2010.11.04,3320,0.02%
2010.11.03,3350,0.01%
2010.11.02,3350,0.02%
2010.11.01,3645,0.01%
2010.10.29,3675,0.03%
2010.10.28,3925,0.03%
2010.10.27,4070,0.01%
2010.10.26,4150,0.02%
2010.10.25,3950,0.01%
2010.10.22,3845,0.01%
2010.10.21,3785,0.01%
2010.10.20,3820,0.01%
2010.10.19,3685,0.01%
2010.10.18,3820,0.00%
2010.10.15,3760,0.00%
2010.10.14,3440,0.01%
2010.10.13,3265,0.01%
2010.10.12,3315,0.01%
2010.10.11,3420,0.00%
2010.10.08,3350,0.01%
2010.10.07,3490,0.01%
2010.10.06,3290,0.00%
2010.10.05,2980,0.01%
2010.10.04,2810,0.01%
2010.10.01,2805,0.01%
2010.09.30,2805,0.01%
2010.09.29,2800,0.00%
2010.09.28,2795,0.01%
2010.09.27,2835,0.00%
2010.09.24,2795,0.01%
2010.09.20,2755,0.01%
2010.09.17,2680,0.00%
2010.09.16,2670,0.00%
2010.09.15,2650,0.01%
2010.09.14,2675,0.01%
2010.09.13,2700,0.01%
2010.09.10,2685,0.01%
2010.09.09,2595,0.01%
2010.09.08,2625,0.02%
2010.09.07,2640,0.01%
2010.09.06,2700,0.01%
2010.09.03,2650,0.00%
2010.09.02,2625,0.02%
2010.09.01,2620,0.02%
2010.08.31,2665,0.01%
2010.08.30,2550,0.02%
2010.08.27,2525,0.00%
2010.08.26,2560,0.00%
2010.08.25,2515,0.01%
2010.08.24,2510,0.01%
2010.08.23,2470,0.02%
2010.08.20,2465,0.02%
2010.08.19,2475,0.02%
2010.08.18,2485,0.01%
2010.08.17,2450,0.02%
2010.08.16,2430,0.01%
2010.08.13,2440,0.01%
2010.08.12,2460,0.01%
2010.08.11,2460,0.01%
2010.08.10,2465,0.01%
2010.08.09,2480,0.02%
2010.08.06,2495,0.01%
2010.08.05,2525,0.01%
2010.08.04,2525,0.01%
2010.08.03,2575,0.01%
2010.08.02,2590,0.02%
2010.07.30,2510,0.02%
2010.07.29,2420,0.02%
2010.07.28,2435,0.02%
2010.07.27,2430,0.02%
2010.07.26,2410,0.02%
2010.07.23,2385,0.02%
2010.07.22,2365,0.02%
2010.07.21,2365,0.02%
2010.07.20,2355,0.02%
2010.07.19,2355,0.02%
2010.07.16,2350,0.02%
2010.07.15,2340,0.02%
2010.07.14,2340,0.02%
2010.07.13,2330,0.02%
2010.07.12,2300,0.02%
2010.07.09,2305,0.02%
2010.07.08,2300,0.02%
2010.07.07,2295,0.02%
2010.07.06,2290,0.02%
2010.07.05,2295,0.02%
2010.07.02,2285,0.02%
2010.07.01,2285,0.02%
2010.06.30,2285,0.01%
2010.06.29,2255,0.00%
2010.06.28,2295,0.00%
2010.06.25,2280,0.00%
2010.06.24,2305,0.00%
2010.06.23,2305,0.00%
2010.06.22,2295,0.00%
2010.06.21,2325,0.00%
2010.06.18,2320,0.00%
2010.06.17,2310,0.02%
2010.06.16,2285,0.02%
2010.06.15,2320,0.02%
2010.06.14,2310,0.02%
2010.06.11,2330,0.02%
2010.06.10,2325,0.02%
2010.06.09,2310,0.02%
2010.06.08,2300,0.02%
2010.06.07,2270,0.02%
2010.06.04,2380,0.02%
2010.06.03,2390,0.02%
2010.06.01,2290,0.01%
2010.05.31,2305,0.02%
2010.05.28,2250,0.03%
2010.05.27,2180,0.02%
2010.05.26,2160,0.01%
2010.05.25,2100,0.02%
2010.05.24,2245,0.02%
2010.05.20,2245,0.02%
2010.05.19,2380,0.02%
2010.05.18,2490,0.00%
2010.05.17,2445,0.00%
2010.05.14,2505,0.00%
2010.05.13,2570,0.00%
2010.05.12,2570,0.00%
2010.05.11,2610,0.00%
2010.05.10,2480,0.00%
2010.05.07,2415,0.00%
2010.05.06,2350,0.00%
2010.05.04,2415,0.00%
2010.05.03,2400,0.00%
2010.04.30,2355,0.00%
2010.04.29,2345,0.00%
2010.04.28,2350,0.00%
2010.04.27,2365,0.00%
2010.04.26,2380,0.00%
2010.04.23,2365,0.00%
2010.04.22,2375,0.00%
2010.04.21,2380,0.01%
2010.04.20,2385,0.00%
2010.04.19,2360,0.01%
2010.04.16,2375,0.00%
2010.04.15,2440,0.00%
2010.04.14,2475,0.00%
2010.04.13,2450,0.00%
2010.04.12,2430,0.20%
2010.04.09,2460,0.21%
2010.04.08,2360,0.00%
2010.04.07,2365,0.00%
2010.04.06,2360,0.00%
2010.04.05,2325,0.00%
2010.04.02,2400,0.00%
2010.04.01,2445,0.02%
2010.03.31,2430,0.01%
2010.03.30,2435,0.01%
2010.03.29,2405,0.02%
2010.03.26,2440,0.01%
2010.03.25,2495,0.00%
2010.03.24,2510,0.00%
2010.03.23,2535,0.00%
2010.03.22,2595,0.00%
2010.03.19,2530,0.00%
2010.03.18,2530,0.02%
2010.03.17,2495,0.02%
2010.03.16,2500,0.00%
2010.03.15,2580,0.00%
2010.03.12,2600,0.01%
2010.03.11,2525,0.01%
2010.03.10,2525,0.00%
2010.03.09,2520,0.01%
2010.03.08,2480,0.01%
2010.03.05,2455,0.01%
2010.03.04,2450,0.02%
2010.03.03,2460,0.01%
2010.03.02,2500,0.01%
2010.02.26,2510,0.01%
2010.02.25,2500,0.00%
2010.02.24,2590,0.00%
2010.02.23,2675,0.02%
2010.02.22,2610,0.01%
2010.02.19,2575,0.03%
2010.02.18,2700,0.00%
2010.02.17,2660,0.02%
2010.02.16,2665,0.01%
2010.02.12,2610,0.02%
2010.02.11,2635,0.01%
2010.02.10,2585,0.00%
2010.02.09,2650,0.02%
2010.02.08,2600,0.03%
2010.02.05,2645,0.01%
2010.02.04,2760,0.03%
2010.02.03,2740,0.02%
2010.02.02,2775,0.00%
2010.02.01,2720,0.00%
2010.01.29,2690,0.00%
2010.01.28,2615,0.01%
2010.01.27,2550,0.00%
2010.01.26,2625,0.02%
2010.01.25,2625,0.00%
2010.01.22,2625,0.00%
2010.01.21,2560,0.00%
2010.01.20,2505,0.00%
2010.01.19,2545,0.00%
2010.01.18,2585,0.00%
2010.01.15,2515,0.00%
2010.01.14,2580,0.00%
2010.01.13,2635,0.00%
2010.01.12,2545,0.00%
2010.01.11,2440,0.00%
2010.01.08,2410,0.00%
2010.01.07,2405,0.00%
2010.01.06,2385,0.00%
2010.01.05,2380,0.00%
2010.01.04,2375,0.00%
2009.12.30,2370,0.00%
2009.12.29,2370,0.00%
2009.12.28,2380,0.00%
2009.12.24,2405,0.00%
2009.12.23,2385,0.00%
2009.12.22,2420,0.00%
2009.12.21,2380,0.00%
2009.12.18,2340,0.00%
2009.12.17,2350,0.00%
2009.12.16,2340,0.00%
2009.12.15,2350,0.00%
2009.12.14,2375,0.00%
2009.12.11,2315,0.00%
2009.12.10,2270,0.00%
2009.12.09,2280,0.00%
2009.12.08,2285,0.00%
2009.12.07,2275,0.00%
2009.12.04,2250,0.00%
2009.12.03,2305,0.00%
2009.12.02,2275,0.00%
2009.12.01,2290,0.00%
2009.11.30,2255,0.00%
2009.11.27,2275,0.00%
2009.11.26,2340,0.00%
2009.11.25,2300,0.00%
2009.11.24,2340,0.00%
2009.11.23,2360,0.00%
2009.11.20,2365,0.00%
2009.11.19,2350,0.00%
2009.11.18,2330,0.02%
2009.11.17,2350,0.06%
2009.11.16,2360,0.16%
2009.11.13,2355,0.29%
2009.11.12,2375,0.28%
2009.11.11,2380,0.24%
2009.11.10,2305,0.27%
2009.11.09,2290,0.27%
2009.11.06,2290,0.27%
2009.11.05,2290,0.28%
2009.11.04,2265,0.26%
2009.11.03,2255,0.23%
2009.11.02,2320,0.27%
2009.10.30,2330,0.28%
2009.10.29,2280,0.23%
2009.10.28,2285,0.31%
2009.10.27,2450,0.44%
2009.10.26,2480,0.36%
2009.10.23,2385,0.35%
2009.10.22,2390,0.33%
2009.10.21,2460,0.33%
2009.10.20,2430,0.29%
2009.10.19,2395,0.26%
2009.10.16,2405,0.30%
2009.10.15,2400,0.31%
2009.10.14,2400,0.30%
2009.10.13,2405,0.25%
2009.10.12,2430,0.25%
2009.10.09,2410,0.22%
2009.10.08,2410,0.18%
2009.10.07,2415,0.15%
2009.10.06,2445,0.17%
2009.10.05,2285,0.22%
2009.10.01,2390,0.17%
2009.09.30,2420,0.19%
2009.09.29,2465,0.09%
2009.09.28,2445,0.10%
2009.09.25,2545,0.09%
2009.09.24,2545,0.07%
2009.09.23,2580,0.08%
2009.09.22,2705,0.16%
2009.09.21,2700,0.20%
2009.09.18,2560,0.17%
2009.09.17,2685,0.40%
2009.09.16,2595,0.41%
2009.09.15,2555,0.28%
2009.09.14,2535,0.02%
2009.09.11,2660,0.10%
2009.09.10,2625,0.09%
2009.09.09,2690,0.05%
2009.09.08,2960,0.07%
2009.09.07,2745,0.02%
2009.09.04,2725,0.00%
2009.09.03,2795,0.03%
2009.09.02,2900,0.00%
2009.09.01,3135,0.02%
2009.08.31,2730,0.01%
2009.08.28,3105,0.00%
2009.08.27,2700,0.01%
2009.08.26,2485,0.01%
2009.08.25,2460,0.00%
2009.08.24,2670,0.00%
2009.08.21,2770,0.00%
2009.08.20,2805,0.00%
2009.08.19,2440,0.00%
2009.08.18,2450,0.00%
2009.08.17,2320,0.00%
2009.08.14,2315,0.01%
2009.08.13,2255,0.02%
2009.08.12,2250,0.02%
2009.08.11,2230,0.02%
2009.08.10,2275,0.01%
2009.08.07,2270,0.01%
2009.08.06,2250,0.00%
2009.08.05,2250,0.02%
2009.08.04,2275,0.03%
2009.08.03,2245,0.02%
2009.07.31,2270,0.03%
2009.07.30,2235,0.03%
2009.07.29,2245,0.01%
2009.07.28,2295,0.00%
2009.07.27,2320,0.01%
2009.07.24,2330,0.01%
2009.07.23,2305,0.00%
2009.07.22,2310,0.00%
2009.07.21,2325,0.00%
2009.07.20,2335,0.00%
2009.07.17,2330,0.00%
2009.07.16,2335,0.00%
2009.07.15,2600,0.00%
2009.07.14,2425,0.19%
2009.07.13,2350,0.36%
2009.07.10,2410,0.51%
2009.07.09,2410,0.57%
2009.07.08,2185,0.61%
2009.07.07,2225,0.63%
2009.07.06,2165,0.63%
2009.07.03,2160,0.62%
2009.07.02,2145,0.58%
2009.07.01,2150,0.55%
2009.06.30,2150,0.56%
2009.06.29,2165,0.56%
2009.06.26,2165,0.54%
2009.06.25,2145,0.49%
2009.06.24,2180,0.45%
2009.06.23,2240,0.47%
2009.06.22,2240,0.44%
2009.06.19,2310,0.45%
2009.06.18,2235,0.42%
2009.06.17,2300,0.38%
2009.06.16,2395,0.44%
2009.06.15,2405,0.44%
2009.06.12,2420,0.48%
2009.06.11,2420,0.45%
2009.06.10,2435,0.42%
2009.06.09,2425,0.45%
2009.06.08,2425,0.44%
2009.06.05,2400,0.33%
2009.06.04,2420,0.33%
2009.06.03,2415,0.37%
2009.06.02,2445,0.35%
2009.06.01,2455,0.31%
2009.05.29,2430,0.28%
2009.05.28,2395,0.25%
2009.05.27,2510,0.31%
2009.05.26,2550,0.37%
2009.05.25,2555,0.22%
2009.05.22,2710,0.00%
2009.05.21,2800,0.00%
2009.05.20,2830,0.00%
2009.05.19,3075,0.04%
2009.05.18,2675,0.01%
2009.05.15,2550,0.00%
2009.05.14,2505,0.04%
2009.05.13,2510,0.02%
2009.05.12,2510,0.00%
2009.05.11,2580,0.00%
2009.05.08,2605,0.00%
2009.05.07,2540,0.02%
2009.05.06,2625,0.00%
2009.05.04,2450,0.00%
2009.04.30,2460,0.00%
2009.04.29,2440,0.04%
2009.04.28,2395,0.00%
2009.04.27,2550,0.00%
2009.04.24,2500,0.00%
2009.04.23,2270,0.00%
2009.04.22,2330,0.01%
2009.04.21,2270,0.03%
2009.04.20,2285,0.03%
2009.04.17,2255,0.01%
2009.04.16,2340,0.02%
2009.04.15,2245,0.00%
2009.04.14,2350,0.00%
2009.04.13,2375,0.03%
2009.04.10,2370,0.02%
2009.04.09,2235,0.02%
2009.04.08,2195,0.01%
2009.04.07,2160,0.01%
2009.04.06,2090,0.01%
2009.04.03,2095,0.00%
2009.04.02,2075,0.02%
2009.04.01,2040,0.02%
2009.03.31,2035,0.01%
2009.03.30,2025,0.00%
2009.03.27,2070,0.00%
2009.03.26,2065,0.00%
2009.03.25,2080,0.00%
2009.03.24,1990,0.00%
2009.03.23,1975,0.03%
2009.03.20,1960,0.03%
2009.03.19,1935,0.01%
2009.03.18,1940,0.00%
2009.03.17,1935,0.00%
2009.03.16,2100,0.00%
2009.03.13,2050,0.03%
2009.03.12,1925,0.00%
2009.03.11,1935,0.02%
2009.03.10,1915,0.03%
2009.03.09,1930,0.03%
2009.03.06,1950,0.10%
2009.03.05,1905,0.01%
2009.03.04,1900,0.06%
2009.03.03,1760,0.07%
2009.03.02,1855,0.05%
2009.02.27,2060,0.04%
2009.02.26,2000,0.02%
2009.02.25,2150,0.01%
2009.02.24,2195,0.02%
2009.02.23,2150,0.03%
2009.02.20,2190,0.00%
2009.02.19,2360,0.00%
2009.02.18,2125,0.02%
2009.02.17,2095,0.01%
2009.02.16,2330,0.00%
2009.02.13,2300,0.00%
2009.02.12,2270,0.00%
2009.02.11,2405,0.00%
2009.02.10,2300,0.00%
2009.02.09,2000,0.00%
2009.02.06,1860,0.00%
2009.02.05,1905,0.00%
2009.02.04,1850,0.00%
2009.02.03,1735,0.00%
2009.02.02,1700,0.00%
2009.01.30,1700,0.00%
2009.01.29,1730,0.00%
2009.01.28,1730,0.00%
2009.01.23,1735,0.00%
2009.01.22,1750,0.00%
2009.01.21,1765,0.00%
2009.01.20,1755,0.00%
2009.01.19,1750,0.00%
2009.01.16,1755,0.00%
2009.01.15,1750,0.00%
2009.01.14,1765,0.00%
2009.01.13,1790,0.00%
2009.01.12,1775,0.00%
2009.01.09,1760,0.00%
2009.01.08,1785,0.00%
2009.01.07,1770,0.00%
2009.01.06,1770,0.00%
2009.01.05,1775,0.00%
2009.01.02,1765,0.00%
2008.12.30,1770,0.00%
2008.12.29,1835,0.00%
2008.12.26,1840,0.00%
2008.12.24,1950,0.00%
2008.12.23,1900,0.00%
2008.12.22,1995,0.00%
2008.12.19,2000,0.00%
2008.12.18,1975,0.00%
2008.12.17,2000,0.00%
2008.12.16,1870,0.00%
2008.12.15,1805,0.00%
2008.12.12,1770,0.00%
2008.12.11,1800,0.00%
2008.12.10,1790,0.00%
2008.12.09,1825,0.00%
2008.12.08,1790,0.00%
2008.12.05,1800,0.00%
2008.12.04,1700,0.00%
2008.12.03,1850,0.00%
2008.12.02,1715,0.00%
2008.12.01,1835,0.00%
2008.11.28,1830,0.00%
2008.11.27,1750,0.00%
2008.11.26,1995,0.00%
2008.11.25,2000,0.00%
2008.11.24,1900,0.00%
2008.11.21,1900,0.00%
2008.11.20,1850,0.00%
2008.11.19,1805,0.00%
2008.11.18,1910,0.00%
2008.11.17,1945,0.00%
2008.11.14,1815,0.00%
2008.11.13,1600,0.05%
2008.11.12,1880,0.05%
2008.11.11,1765,0.05%
2008.11.10,1890,0.05%
2008.11.07,1990,0.05%
2008.11.06,1750,0.05%
2008.11.05,1770,0.05%
2008.11.04,1790,0.05%
2008.11.03,1690,0.05%
2008.10.31,1500,0.05%
2008.10.30,1340,0.05%
2008.10.29,1170,0.05%
2008.10.28,1105,0.05%
2008.10.27,1150,0.05%
2008.10.24,1320,0.05%
2008.10.23,1480,0.05%
2008.10.22,1590,0.05%
2008.10.21,1645,0.05%
2008.10.20,1740,0.05%
2008.10.17,1730,0.05%
2008.10.16,1755,0.05%
2008.10.15,1935,0.05%
2008.10.14,2015,0.05%
2008.10.13,1900,0.05%
2008.10.10,1770,0.05%
2008.10.09,1950,0.05%
2008.10.08,2045,0.05%
2008.10.07,2100,0.05%
2008.10.06,2000,0.05%
2008.10.02,2215,0.05%
2008.10.01,2325,0.05%
2008.09.30,2255,0.05%
2008.09.29,2370,0.05%
2008.09.26,2370,0.05%
2008.09.25,2375,0.05%
2008.09.24,2430,0.05%
2008.09.23,2390,0.05%
2008.09.22,2540,0.05%
2008.09.19,2565,0.05%
2008.09.18,2480,0.05%
2008.09.17,2675,0.05%
2008.09.16,2500,0.05%
2008.09.12,2750,0.05%
2008.09.11,2825,0.05%
2008.09.10,2850,0.05%
2008.09.09,2860,0.05%
2008.09.08,2855,0.05%
2008.09.05,2750,0.05%
2008.09.04,2715,0.05%
2008.09.03,2690,0.05%
2008.09.02,2670,0.05%
2008.09.01,2650,0.05%
2008.08.29,2800,0.05%
2008.08.28,2720,0.05%
2008.08.27,2700,0.05%
2008.08.26,2705,0.05%
2008.08.25,2750,0.05%
2008.08.22,2795,0.05%
2008.08.21,2840,0.05%
2008.08.20,2840,0.05%
2008.08.19,2845,0.05%
2008.08.18,2940,0.05%
2008.08.14,2950,0.05%
2008.08.13,2950,0.05%
2008.08.12,2975,0.05%
2008.08.11,2935,0.05%
2008.08.08,2880,0.05%
2008.08.07,2985,0.05%
2008.08.06,2940,0.05%
2008.08.05,2875,0.05%
2008.08.04,2875,0.05%
2008.08.01,2930,0.05%
2008.07.31,2940,0.05%
2008.07.30,2910,0.05%
2008.07.29,2885,0.05%
2008.07.28,2965,0.05%
2008.07.25,2925,0.05%
2008.07.24,2970,0.05%
2008.07.23,2950,0.05%
2008.07.22,2950,0.05%
2008.07.21,2965,0.05%
2008.07.18,3025,0.05%
2008.07.17,3000,0.05%
2008.07.16,2955,0.05%
2008.07.15,3025,0.05%
2008.07.14,3030,0.05%
2008.07.11,3060,0.05%
2008.07.10,3000,0.07%
2008.07.09,3085,0.06%
2008.07.08,3080,0.06%
2008.07.07,3150,0.07%
2008.07.04,3115,0.08%
2008.07.03,2925,0.08%
2008.07.02,2945,0.08%
2008.07.01,3025,0.10%
2008.06.30,3065,0.10%
2008.06.27,3115,0.09%
2008.06.26,3120,0.09%
2008.06.25,3175,0.09%
2008.06.24,3125,0.09%
2008.06.23,3235,0.09%
2008.06.20,3150,0.10%
2008.06.19,2980,0.10%
2008.06.18,2950,0.11%
2008.06.17,2920,0.11%
2008.06.16,2950,0.09%
2008.06.13,3015,0.09%
2008.06.12,3020,0.16%
2008.06.11,3050,0.16%
2008.06.10,3015,0.16%
2008.06.09,3060,0.14%
2008.06.05,3100,0.14%
2008.06.04,3090,0.14%
2008.06.03,3085,0.18%
2008.06.02,3080,0.14%
2008.05.30,3065,0.15%
2008.05.29,3155,0.11%
2008.05.28,3370,0.07%
2008.05.27,3205,0.11%
2008.05.26,3205,0.06%
2008.05.23,3080,0.05%
2008.05.22,3160,0.09%
2008.05.21,3160,0.05%
2008.05.20,3135,0.05%
2008.05.19,3070,0.06%
2008.05.16,3160,0.05%
2008.05.15,3285,0.05%
2008.05.14,3410,0.05%
2008.05.13,3790,0.05%
2008.05.09,3805,0.05%
2008.05.08,4270,0.05%
2008.05.07,4125,0.05%
2008.05.06,3590,0.05%
2008.05.02,3125,0.05%
2008.04.30,3015,0.05%
2008.04.29,2960,0.05%
2008.04.28,2950,0.05%
2008.04.25,2965,0.05%
2008.04.24,2920,0.05%
2008.04.23,2910,0.05%
2008.04.22,2905,0.05%
2008.04.21,2945,0.05%
2008.04.18,2930,0.05%
2008.04.17,2935,0.06%
2008.04.16,2965,0.05%
2008.04.15,2955,0.06%
2008.04.14,2925,0.05%
2008.04.11,2930,0.07%
2008.04.10,2940,0.07%
2008.04.08,2925,0.06%
2008.04.07,3010,0.07%
2008.04.04,3085,0.05%
2008.04.03,3005,0.05%
2008.04.02,2985,0.05%
2008.04.01,2985,0.05%
2008.03.31,3095,0.05%
2008.03.28,3090,0.06%
2008.03.27,3140,0.06%
2008.03.26,3065,0.05%
2008.03.25,2965,0.05%
2008.03.24,2985,0.05%
2008.03.21,2970,0.05%
2008.03.20,2980,0.05%
2008.03.19,3000,0.05%
2008.03.18,2990,0.05%
2008.03.17,3020,0.05%
2008.03.14,3185,0.05%
2008.03.13,3180,0.05%
2008.03.12,3225,0.06%
2008.03.11,3220,0.07%
2008.03.10,3190,0.06%
2008.03.07,3415,0.05%
2008.03.06,3530,0.05%
2008.03.05,3590,0.05%
2008.03.04,3640,0.05%
2008.03.03,3650,0.05%
2008.02.29,4280,0.05%
2008.02.28,4370,0.24%
2008.02.27,3800,0.05%
2008.02.26,3690,0.05%
2008.02.25,3640,0.05%
2008.02.22,3455,0.05%
2008.02.21,3420,0.05%
2008.02.20,3450,0.05%
2008.02.19,3425,0.05%
2008.02.18,3420,0.05%
2008.02.15,3375,0.05%
2008.02.14,3460,0.05%
2008.02.13,3470,0.05%
2008.02.12,3450,0.05%
2008.02.11,3400,0.05%
2008.02.05,3435,0.05%
2008.02.04,3380,0.05%
2008.02.01,3380,0.05%
2008.01.31,3395,0.05%
2008.01.30,3400,0.05%
2008.01.29,3400,0.05%
2008.01.28,3350,0.05%
2008.01.25,3430,0.05%
2008.01.24,3355,0.05%
2008.01.23,3255,0.05%
2008.01.22,3240,0.05%
2008.01.21,3595,0.05%
2008.01.18,3595,0.05%
2008.01.17,3515,0.05%
2008.01.16,3540,0.05%
2008.01.15,3520,0.05%
2008.01.14,3690,0.05%
2008.01.11,3700,0.05%
2008.01.10,3785,0.05%
2008.01.09,3860,0.05%
2008.01.08,3960,0.05%
2008.01.07,4005,0.05%
2008.01.04,4060,0.05%
2008.01.03,4080,0.05%
2008.01.02,4115,0.05%
2007.12.28,3970,0.05%
2007.12.27,4035,0.05%
2007.12.26,3985,0.05%
2007.12.24,3935,0.05%
2007.12.21,3885,0.05%
2007.12.20,3870,0.05%
2007.12.18,3865,0.05%
2007.12.17,3830,0.05%
2007.12.14,3800,0.05%
2007.12.13,3780,0.05%
2007.12.12,3755,0.05%
2007.12.11,3760,0.05%
2007.12.10,3725,0.05%
2007.12.07,3755,0.05%
2007.12.06,3755,0.05%
2007.12.05,3795,0.05%
2007.12.04,3800,0.05%
2007.12.03,3810,0.05%
2007.11.30,3770,0.05%
2007.11.29,3830,0.05%
2007.11.28,3785,0.05%
2007.11.27,3750,0.05%
2007.11.26,3840,0.05%
2007.11.23,3765,0.05%
2007.11.22,3830,0.05%
2007.11.21,3895,0.05%
2007.11.20,3900,0.05%
2007.11.19,3940,0.05%
2007.11.16,3950,0.05%
2007.11.15,3935,0.05%
2007.11.14,3935,0.05%
2007.11.13,3880,0.05%
2007.11.12,3845,0.05%
2007.11.09,3875,0.05%
2007.11.08,3870,0.05%
2007.11.07,3900,0.05%
2007.11.06,4005,0.05%
2007.11.05,3980,0.05%
2007.11.02,3815,0.05%
2007.11.01,3850,0.05%
2007.10.31,3930,0.05%
2007.10.30,3995,0.05%
2007.10.29,3980,0.05%
2007.10.26,3940,0.05%
2007.10.25,3900,0.05%
2007.10.24,3855,0.05%
2007.10.23,3930,0.05%
2007.10.22,3810,0.05%
2007.10.19,3920,0.05%
2007.10.18,3960,0.05%
2007.10.17,3950,0.05%
2007.10.16,4050,0.05%
2007.10.15,4085,0.05%
2007.10.12,4110,0.05%
2007.10.11,4110,0.05%
2007.10.10,4075,0.05%
2007.10.09,4020,0.05%
2007.10.08,4050,0.05%
2007.10.05,4045,0.05%
2007.10.04,4115,0.05%
2007.10.02,4110,0.05%
2007.10.01,4100,0.05%
2007.09.28,4195,0.05%
2007.09.27,4190,0.05%
2007.09.21,4200,0.05%
2007.09.20,4195,0.05%
2007.09.19,4210,0.05%
2007.09.18,4220,0.05%
2007.09.17,4240,0.05%
2007.09.14,4200,0.05%
2007.09.13,4215,0.05%
2007.09.12,4255,0.05%
2007.09.11,4250,0.07%
2007.09.10,4285,0.07%
2007.09.07,4350,0.07%
2007.09.06,4340,0.09%
2007.09.05,4345,0.11%
2007.09.04,4210,0.13%
2007.09.03,4180,0.14%
2007.08.31,4290,0.15%
2007.08.30,4090,0.17%
2007.08.29,4050,0.18%
2007.08.28,4160,0.18%
2007.08.27,4070,0.16%
2007.08.24,4100,0.17%
2007.08.23,4095,0.15%
2007.08.22,4055,0.15%
2007.08.21,3965,0.15%
2007.08.20,4000,0.13%
2007.08.17,3805,0.08%
2007.08.16,3785,0.05%
2007.08.14,4110,0.05%
2007.08.13,4190,0.05%
2007.08.10,4220,0.05%
2007.08.09,4280,0.05%
2007.08.08,4275,0.05%
2007.08.07,4265,0.05%
2007.08.06,4260,0.06%
2007.08.03,4390,0.05%
2007.08.02,4415,0.05%
2007.08.01,4415,0.07%
2007.07.31,4550,0.07%
2007.07.30,4470,0.05%
2007.07.27,4535,0.05%
2007.07.26,4555,0.10%
2007.07.25,4440,0.07%
2007.07.24,4435,0.05%
2007.07.23,4455,0.05%
2007.07.20,4520,0.05%
2007.07.19,4595,0.05%
2007.07.18,4600,0.05%
2007.07.16,4550,0.05%
2007.07.13,4630,0.05%
2007.07.12,4600,0.14%
2007.07.11,4595,0.15%
2007.07.10,4625,0.15%
2007.07.09,4440,0.07%
2007.07.06,4475,0.05%
2007.07.05,4570,0.05%
2007.07.04,4650,0.05%
2007.07.03,4540,0.05%
2007.07.02,4655,0.05%
2007.06.29,4515,0.05%
2007.06.28,4470,0.05%
2007.06.27,4370,0.05%
2007.06.26,4470,0.05%
2007.06.25,4705,0.05%
2007.06.22,4750,0.05%
2007.06.21,4545,0.05%
2007.06.20,4380,0.05%
2007.06.19,4400,0.05%
2007.06.18,4510,0.05%
2007.06.15,4425,0.05%
2007.06.14,4315,0.05%
2007.06.13,4300,0.05%
2007.06.12,4290,0.05%
2007.06.11,4205,0.05%
2007.06.08,4170,0.05%
2007.06.07,4210,0.05%
2007.06.05,4175,0.05%
2007.06.04,4300,0.05%
2007.06.01,4400,0.05%
2007.05.31,4500,0.05%
2007.05.30,4410,0.05%
2007.05.29,4400,0.05%
2007.05.28,4450,0.05%
2007.05.25,4240,0.05%
2007.05.23,4240,0.05%
2007.05.22,4220,0.05%
2007.05.21,4215,0.05%
2007.05.18,4245,0.05%
2007.05.17,4200,0.05%
2007.05.16,4140,0.05%
2007.05.15,4170,0.05%
2007.05.14,4065,0.05%
2007.05.11,4120,0.05%
2007.05.10,4250,0.05%
2007.05.09,4280,0.05%
2007.05.08,4160,0.05%
2007.05.07,4135,0.05%
2007.05.04,4160,0.05%
2007.05.03,4185,0.05%
2007.05.02,4180,0.05%
2007.04.30,4115,0.05%
2007.04.27,4040,0.05%
2007.04.26,3990,0.05%
2007.04.25,4000,0.05%
2007.04.24,4055,0.05%
2007.04.23,4215,0.05%
2007.04.20,4270,0.05%
2007.04.19,4295,0.05%
2007.04.18,4400,0.05%
2007.04.17,4415,0.05%
2007.04.16,4410,0.00%
2007.04.13,4380,0.00%
2007.04.12,4455,0.00%
2007.04.11,4405,0.00%
2007.04.10,4370,0.00%
2007.04.09,4380,0.00%
2007.04.06,4460,0.00%
2007.04.05,4500,0.00%
2007.04.04,4390,0.00%
2007.04.03,4420,0.00%
2007.04.02,4520,0.00%
2007.03.30,4480,0.00%
2007.03.29,4445,0.00%
2007.03.28,4520,0.00%
2007.03.27,4800,0.00%
2007.03.26,4645,0.00%
2007.03.23,4650,0.00%
2007.03.22,4770,0.00%
2007.03.21,4775,0.00%
2007.03.20,4910,0.00%
2007.03.19,4715,0.00%
2007.03.16,4650,0.00%
2007.03.15,4515,0.00%
2007.03.14,4455,0.00%
2007.03.13,4630,0.00%
2007.03.12,4645,0.00%
2007.03.09,4720,0.00%
2007.03.08,4605,0.00%
2007.03.07,4340,0.00%
2007.03.06,4360,0.00%
2007.03.05,4200,0.00%
2007.03.02,4565,0.00%
2007.02.28,4670,0.00%
2007.02.27,4765,0.00%
2007.02.26,4685,0.00%
2007.02.23,4935,0.00%
2007.02.22,5370,0.00%
2007.02.21,5190,0.00%
2007.02.20,5160,0.00%
2007.02.16,5220,0.00%
2007.02.15,5310,0.00%
2007.02.14,5520,0.00%
2007.02.13,5460,0.00%
2007.02.12,5590,0.00%
2007.02.09,5450,0.00%
2007.02.08,4960,0.00%
2007.02.07,5190,0.00%
2007.02.06,5450,0.00%
2007.02.05,5460,0.00%
2007.02.02,5300,0.00%
2007.02.01,5190,0.00%
2007.01.31,5070,0.00%
2007.01.30,4855,0.00%
2007.01.29,4900,0.00%
2007.01.26,4590,0.00%
2007.01.25,4440,0.00%
2007.01.24,4430,0.00%
2007.01.23,4465,0.00%
2007.01.22,4110,0.00%
2007.01.19,4100,0.00%
2007.01.18,4145,0.00%
2007.01.17,4030,0.00%
2007.01.16,4140,0.00%
2007.01.15,4240,0.00%
2007.01.12,4280,0.00%
2007.01.11,4300,0.00%
2007.01.10,4245,0.00%
2007.01.09,4120,0.00%
2007.01.08,4170,0.00%
2007.01.05,3985,0.00%
2007.01.04,3880,0.00%
2007.01.03,3790,0.00%
2007.01.02,3875,0.00%
2006.12.28,3850,0.00%
2006.12.27,3820,0.00%
2006.12.26,3820,0.00%
2006.12.22,3850,0.00%
2006.12.21,3810,0.00%
2006.12.20,3755,0.00%
2006.12.19,3680,0.00%
2006.12.18,3745,0.00%
2006.12.15,3690,0.00%
2006.12.14,3610,0.00%
2006.12.13,3605,0.00%
2006.12.12,3650,0.00%
2006.12.11,3800,0.00%
2006.12.08,3690,0.00%
2006.12.07,3770,0.00%
2006.12.06,3750,0.00%
2006.12.05,3800,0.00%
2006.12.04,3785,0.00%
2006.12.01,4100,0.00%
2006.11.30,4090,0.00%
2006.11.29,4245,0.00%
2006.11.28,4425,0.00%
2006.11.27,4830,0.00%
